$,','s,",",2022,:,?,a,after,and,at,be,business,by,cnbc,driver,for,from,get,have,how,in,it,life,more,new,news,of,on,reuters,s,stock,switch,the,thestreet,time,to,verge,will,with,york,|,–,’
-4.512828061886864,-4.061209327986694,-3.04855956703269,-2.4782848382965224,-4.872674103471645,-3.490478602822141,-5.358783640193339,-3.4093028557889413,-4.479799960731994,-3.274074307578644,-4.329276011062154,-3.355106672603285,-4.174247333014307,-4.512828061886864,-4.274885227069364,-4.35762258021659,-3.355106672603285,-4.174247333014307,-4.737820197880092,-4.657066091631686,-5.213390173622671,-3.1126943802629725,-4.104903477972119,-4.619009748879701,-4.329276011062154,-3.3036973267098357,-4.223300815716901,-3.2265729766373763,-3.5400059315999677,-4.274885227069364,-4.329276011062154,-4.872674103471645,-4.619009748879701,-2.4915429430526066,-4.872674103471645,-4.329276011062154,-2.460876443236482,-4.35762258021659,-4.512828061886864,-3.64708861422541,-4.447827928034157,-4.619009748879701,-4.58234875181653,-3.867480938097902
-4.304652784036946,-3.9434746721379437,-3.0911012069019064,-2.4382611267827228,-4.828614885708307,-3.5686628136404703,-5.53191443773227,-3.3793759038895237,-4.515769975957259,-3.1407885256966965,-4.304652784036946,-3.3793759038895237,-4.251702353398616,-4.450769842104552,-4.304652784036946,-4.389738091833467,-3.184167984834086,-4.107845392042513,-4.783724045194086,-4.783724045194086,-5.216332087693066,-3.0671537023571016,-4.107845392042513,-4.66000800570208,-4.360564494286985,-3.2673337292735276,-4.304652784036946,-3.2966670799606694,-3.581772597622667,-4.107845392042513,-4.482741874802389,-4.828614885708307,-4.585290665886924,-2.4681421274466,-5.150863687795393,-4.277827141139758,-2.535347633089928,-4.389738091833467,-4.699570127012125,-3.6221658110291077,-4.549926301753899,-4.621951662950095,-4.740762111950486,-4.022286610425347
-4.327432910002951,-4.125644895988808,-3.054511952909327,-2.4676996586583053,-4.920150661888958,-3.4766276725646357,-5.527129422602673,-3.3119268329710456,-4.655222990572483,-3.1191652612472085,-4.246917338269019,-3.396382991055205,-4.299867768907349,-4.38495307670387,-4.172404231955104,-4.299867768907349,-3.301854225650633,-4.103060376912916,-4.694785111882528,-4.735977096820889,-5.281603722498012,-3.054511952909327,-4.038214846185861,-4.580505650757327,-4.38495307670387,-3.282008366922838,-4.059366226927491,-3.2247298755781735,-3.6594745523248964,-4.196630222937215,-4.38495307670387,-4.778939030064489,-4.655222990572483,-2.5305626179603307,-4.870831002412443,-4.327432910002951,-2.5121949420647463,-4.4459848269749545,-4.655222990572483,-3.703418353568016,-4.655222990572483,-4.580505650757327,-4.735977096820889,-4.01750159529575
-4.341356016808143,-4.073289333732683,-3.0376112294030424,-2.4643645927090914,-4.669146097377674,-3.6451392091692547,-5.541052529407865,-3.3058051716362638,-4.5590643934294945,-3.076291794032696,-4.286965232815352,-3.2668821809086426,-4.341356016808143,-4.594428757562518,-4.210553329742407,-4.341356016808143,-3.356691199974253,-4.186327338760297,-4.669146097377674,-4.594428757562518,-5.160001779470988,-3.060639572778679,-4.162674391234456,-4.5590643934294945,-4.286965232815352,-3.2573836292508824,-4.162674391234456,-3.325849939776237,-3.659168619971399,-4.398876183509062,-4.459907933780146,-4.884754109217635,-4.631089754625689,-2.5215783642985103,-4.837752977383902,-4.369702585962579,-2.490364844042511,-4.341356016808143,-4.524908067632853,-3.6451392091692547,-4.459907933780146,-4.5590643934294945,-4.631089754625689,-4.073289333732683
-4.447459579483864,-4.060840979436401,-3.071762391477076,-2.4648318648259124,-4.737451849329798,-3.5524124118648324,-5.625957256545708,-3.26402346665284,-4.512459713336571,-3.1374782630760087,-4.3289076625118605,-3.478102425073545,-4.27451687851907,-4.41647816727675,-4.27451687851907,-4.357254231666297,-3.313401585479955,-4.082449426068013,-4.581980403266236,-4.737451849329798,-5.283078475006921,-3.0797445539097934,-4.060840979436401,-4.38642782921278,-4.198104975446125,-3.2544338266123605,-4.357254231666297,-3.2544338266123605,-3.5396375830496742,-4.222932467166608,-4.546616039133212,-4.872305754921353,-4.737451849329798,-2.5228113616745187,-4.921625414397868,-4.301342521416259,-2.473535897494907,-4.38642782921278,-4.82530462308762,-3.5917462710434664,-4.479431612181701,-4.581980403266236,-4.618641400329407,-4.150226036938174
-4.307013666059571,-4.032208860461287,-3.0872376974692823,-2.5244007488271603,-4.8220651893146265,-3.515111985413056,-5.478363609504856,-3.347617177957388,-4.4622191477298445,-3.1485099223807493,-4.336187263606053,-3.415996509061216,-4.429191046574974,-4.496375473526486,-4.4622191477298445,-4.336187263606053,-3.204193261005634,-4.054294563815098,-4.8220651893146265,-4.687211283723071,-5.308174726036318,-3.0872376974692823,-4.336187263606053,-4.568400834722681,-4.251101955809532,-3.2137829010461134,-4.123638418857288,-3.2137829010461134,-3.5686149828016935,-4.198151525171202,-4.496375473526486,-4.775064057480893,-4.6460192987847115,-2.4817968048625136,-4.977981944899948,-4.366237601670024,-2.5052412394799166,-4.307013666059571,-4.775064057480893,-3.515111985413056,-4.4622191477298445,-4.53173983765951,-4.871384848791141,-3.968735782197933
-4.3955960820194235,-4.091617678874657,-3.0419484712659477,-2.4399223674818353,-4.789582035380041,-3.4754053274745864,-5.742988585752052,-3.374513379737637,-4.555784291939856,-3.2926513722383914,-4.425646420083394,-3.322569838286599,-4.456627832290508,-4.555784291939856,-4.3105107742229025,-4.3955960820194235,-3.2731917194594837,-4.091617678874657,-4.705428117198082,-4.627809653136051,-5.222190077879022,-3.0969591970878625,-4.091617678874657,-4.746620102136442,-4.283685131325714,-3.2446943503270376,-4.232100719973252,-3.3534110984846146,-3.523735583263811,-4.3105107742229025,-4.425646420083394,-4.789582035380041,-4.521627966143215,-2.495903919565677,-5.037390763313319,-4.159394289744818,-2.509280255982034,-4.366422484472941,-4.521627966143215,-3.511432278462581,-4.366422484472941,-4.627809653136051,-4.59114865607288,-4.007851696459632
-4.423453693207874,-4.067816505367524,-3.070818965667537,-2.529786887605642,-4.879281280852476,-3.65369579160624,-5.365390817574168,-3.3203771114110783,-4.519435239267694,-3.144453789007132,-4.393403355143903,-3.3723206528621166,-4.229907993097731,-4.423453693207874,-4.454435105414987,-4.486407138112824,-3.280681484959474,-4.281492404450193,-4.879281280852476,-4.553591565064336,-5.290054000938044,-3.094766470212342,-4.281492404450193,-4.6636732690125156,-4.229907993097731,-3.135999223935843,-4.1572015628692975,-3.2614093525434837,-3.5854378609331023,-4.281492404450193,-4.36422975759742,-5.035198036437798,-4.6636732690125156,-2.5026088401439823,-4.928600940328991,-4.205080501377248,-2.4419263900931583,-4.281492404450193,-4.454435105414987,-3.5215428563882902,-4.423453693207874,-4.703235390322561,-4.832280149018743,-3.9099471026886246
-4.2902284968459155,-4.116005623927373,-3.0766769197108754,-2.5116973371041755,-4.9105113898275246,-3.5542385264494394,-5.4287795377986505,-3.3331288211076275,-4.501345688766228,-3.1263642385056656,-4.237278066207585,-3.3649516166984927,-4.317793637941517,-4.645583718511049,-4.317793637941517,-4.317793637941517,-3.1876364634171326,-4.139112012367831,-4.814190598517277,-4.645583718511049,-5.136439400604362,-3.1434908773712325,-4.0934211048514815,-4.535502014562869,-4.263402853948727,-3.1876364634171326,-4.346140207095954,-3.233821250384257,-3.594095023853561,-4.237278066207585,-4.3753138046424365,-4.7263378247594545,-4.685145839821095,-2.5162997016344866,-4.962390242241973,-4.346140207095954,-2.488997978605047,-4.317793637941517,-4.570866378695893,-3.607741523838077,-4.263402853948727,-4.645583718511049,-4.9105113898275246,-4.139112012367831
-4.524908067632853,-4.052137952991052,-2.993086884723666,-2.4062038392011234,-4.9859526211085985,-3.5025586085681297,-5.63840561084199,-3.388513995565118,-4.5590643934294945,-3.1757278422084996,-4.23538082146289,-3.356691199974253,-4.210553329742407,-4.398876183509062,-4.341356016808143,-4.524908067632853,-3.3360250377382163,-3.971741120565324,-4.70870821868772,-4.631089754625689,-5.098557393849656,-3.19330607650968,-4.052137952991052,-4.524908067632853,-4.286965232815352,-3.2959314737280296,-4.26084044507421,-3.2861543133246327,-3.732429254127805,-4.26084044507421,-4.491879966477983,-4.884754109217635,-4.669146097377674,-2.4686512933748856,-5.098557393849656,-4.162674391234456,-2.4600961894383397,-4.369702585962579,-4.594428757562518,-3.659168619971399,-4.4289265215730325,-4.70870821868772,-4.70870821868772,-4.052137952991052
-4.284999375223927,-3.982340297460656,-3.112680551812388,-2.4973265483813236,-4.721108703137466,-3.5754031248511344,-5.342072145450713,-3.3383951778606598,-4.565637257073904,-3.2285921287622683,-4.284999375223927,-3.403792194994213,-4.232048944585596,-4.496116567144239,-4.431116433291532,-4.284999375223927,-3.2770136711476496,-4.133882890745842,-4.855962608729021,-4.764070636381065,-5.011879364314343,-3.1211351168836767,-4.110776502305384,-4.53027289294088,-4.496116567144239,-3.3278996994856387,-4.181761829253793,-3.2671399732394155,-3.5360692656725004,-4.258173732326738,-4.53027289294088,-4.764070636381065,-4.602298254137075,-2.461573343553897,-5.069765893361041,-4.206589320974276,-2.4528312649748827,-4.370084683020448,-4.53027289294088,-3.5490094048274505,-4.400135021084418,-4.602298254137075,-4.602298254137075,-4.066106279875681
-4.329276011062154,-3.9990517922032813,-3.096270953143377,-2.523179710224812,-4.973872615362611,-3.5400059315999677,-5.440261910919286,-3.3036973267098357,-4.416846515827044,-3.2265729766373763,-4.223300815716901,-3.398226092114408,-4.386796177763073,-4.447827928034157,-4.447827928034157,-4.35762258021659,-3.254802175162654,-4.104903477972119,-4.6966282129417305,-4.6966282129417305,-5.213390173622671,-3.0255312236570537,-4.150594385488468,-4.619009748879701,-4.274885227069364,-3.3239450319922277,-4.198473323996418,-3.254802175162654,-3.633059203423266,-4.301710869966552,-4.35762258021659,-4.780782131123692,-4.6966282129417305,-2.5094983585525217,-4.872674103471645,-4.198473323996418,-2.448016183692351,-4.479799960731994,-4.58234875181653,-3.5788306835522725,-4.546984387683505,-4.619009748879701,-4.737820197880092,-3.8328634281519562
-4.548088619949475,-3.8863539392093545,-3.1137986125289423,-2.524283942490782,-4.826777203903882,-3.5799349158182423,-5.441366143185256,-3.2559064074286237,-4.448932160300127,-3.1647520687284807,-4.448932160300127,-3.3148741662962182,-4.2498646715941915,-4.6581703238976555,-4.330380243328124,-4.275989459335333,-3.2559064074286237,-4.330380243328124,-4.826777203903882,-4.548088619949475,-5.149026005990969,-3.065316020552677,-4.0411621795110335,-4.62011398114567,-4.35872681248256,-3.227677208903346,-4.1516986177544375,-3.209290958286954,-3.5538849926810956,-4.224405047982871,-4.513932294152834,-4.826777203903882,-4.62011398114567,-2.4882082475752965,-5.087581620369637,-4.224405047982871,-2.5335099512855033,-4.35872681248256,-4.448932160300127,-3.6066816292401676,-4.480904192997964,-4.583452984082499,-4.738924430146062,-4.0839220068842765
-4.370430038601121,-3.9919699712507257,-3.008436618653757,-2.5592137794390384,-4.750627656264623,-3.6183848553587286,-5.37159109857787,-3.367914130987816,-4.460635386418688,-3.1172564093468305,-4.342083469446685,-3.3367524903767585,-4.287692685453894,-4.525635520271395,-4.314518328351083,-4.370430038601121,-3.248701904455218,-4.0528654056295945,-4.6698735500162165,-4.793589589508223,-5.37159109857787,-3.100966751216043,-4.1402954554325415,-4.460635386418688,-4.236108274101432,-3.220994184405515,-4.370430038601121,-3.2966589263665718,-3.5785283579546068,-4.2615678977127525,-4.429653974211575,-4.709435671326261,-4.750627656264623,-2.460823642076882,-5.099284846488198,-4.2615678977127525,-2.495492162983564,-4.211280782380949,-4.631817207264231,-3.5916381419368033,-4.525635520271395,-4.709435671326261,-4.793589589508223,-4.032152154739483
-4.345767603861918,-4.0709627982636345,-3.0061164894970416,-2.5535290468079026,-4.768927154769019,-3.5669757071976003,-5.428406934564615,-3.3223697514228823,-4.6452111152770135,-3.1008394039083003,-4.435972951679485,-3.3754157038213677,-4.607154772525028,-4.607154772525028,-4.263030250714691,-4.500973085532192,-3.262219331223972,-4.007489720000281,-4.813817995283241,-4.607154772525028,-5.136066797370327,-3.036704590678018,-4.0709627982636345,-4.607154772525028,-4.345767603861918,-3.2429471988079817,-4.093048501617446,-3.196331749666312,-3.635233637870738,-4.211445839362229,-4.374941201408401,-4.962017639007938,-4.607154772525028,-2.5535290468079026,-4.962017639007938,-4.186618347641746,-2.4752490389546544,-4.374941201408401,-4.500973085532192,-3.4907773978515584,-4.684773236587059,-4.607154772525028,-4.910138786593489,-3.9673075365115227
-4.447091095202919,-4.082080941787068,-2.9587298681315035,-2.536314007881418,-4.780045298292453,-3.539269098768729,-5.528235690830638,-3.333487894946316,-4.5462475548522665,-3.128655213723775,-4.447091095202919,-3.31303310119901,-4.386059344931835,-4.479063127900756,-4.300974037135314,-4.581611918985291,-3.323208199160989,-4.060472495155455,-4.7370833650488535,-4.656329258800447,-5.212653340791433,-3.1542364176606306,-4.039321114413825,-4.479063127900756,-4.3285391782309155,-3.2351576132394486,-4.447091095202919,-3.2540653423314154,-3.6605808205528607,-4.274148394238125,-4.512091229055626,-4.921256930116923,-4.618272916048462,-2.486367182478088,-4.871937270640407,-4.248023606496983,-2.4262064200319813,-4.386059344931835,-4.5462475548522665,-3.6048405641429593,-4.447091095202919,-4.5462475548522665,-4.656329258800447,-3.998314959372043
-4.394134798460401,-4.090156395315635,-3.032869844354382,-2.5631887743342645,-4.788120751821019,-3.5861693042496006,-5.290785444254542,-3.311035947407164,-4.487138581429322,-3.1036095738407052,-4.30904949066388,-3.3312836526895557,-4.336614631759482,-4.589687372513858,-4.282223847766692,-4.554323008380834,-3.281412928275972,-4.112242098669446,-4.880012724168974,-4.487138581429322,-5.035929479754296,-3.1200330009603006,-4.0266833170522816,-4.626348369577029,-4.230639436414229,-3.2064574572350972,-4.282223847766692,-3.243233066768015,-3.612916017671526,-4.205811944693746,-4.3649612009139185,-4.833011592335241,-4.833011592335241,-2.4468722698565655,-4.929332383645489,-4.25609906002555,-2.5490562609942558,-4.30904949066388,-4.520166682584192,-3.560119381112454,-4.520166682584192,-4.487138581429322,-4.929332383645489,-4.047396567942392
-4.332952053314929,-3.925439480554784,-3.0999469953961523,-2.451692225945126,-4.925669805200936,-3.6228999392114885,-5.532648565914651,-3.494154645074916,-4.420522558079819,-3.158649292744644,-4.305386912219327,-3.277750349831419,-4.305386912219327,-4.550660429936281,-4.390472220015848,-4.278561269322139,-3.2680678574559083,-4.226976857969676,-4.586024794069305,-4.7003042551945065,-5.217066215875446,-3.091835335084287,-4.06488537023947,-4.451503970286932,-4.305386912219327,-3.221013637400688,-4.131164039300785,-3.2680678574559083,-3.556456802667901,-4.226976857969676,-4.483476002984769,-4.977548657615385,-4.550660429936281,-2.517714085376724,-5.032266901309743,-4.305386912219327,-2.4952189853053817,-4.305386912219327,-4.550660429936281,-3.609253439226973,-4.516504104139639,-4.622685791132476,-4.7003042551945065,-4.108579520224893
-4.4175828061353855,-4.151330675796809,-2.932186030586074,-2.5012166420340254,-4.7815184214320325,-3.5928509099021015,-5.440998201227629,-3.4556155003623346,-4.583085042124871,-3.097007243451719,-4.330012301370496,-3.2845877582903826,-4.302447160274894,-4.5477206779918475,-4.4175828061353855,-4.480536251040336,-3.2845877582903826,-4.10563976828046,-4.922730053256503,-4.657802381940027,-5.214126463931013,-3.0888955831398537,-4.10563976828046,-4.513564352195206,-4.17498362332265,-3.2180738854562545,-4.19920961430476,-3.2748105978869857,-3.676488374446949,-4.302447160274894,-4.448564218342499,-4.7815184214320325,-4.619746039188042,-2.479021128604864,-5.02932714936531,-4.249496729636563,-2.440269939467579,-4.302447160274894,-4.697364503250073,-3.6063136872825394,-4.448564218342499,-4.697364503250073,-5.02932714936531,-4.10563976828046
-4.423819481742287,-4.111876443887361,-3.024944431766957,-2.4896576705142763,-4.744793163795334,-3.5343652085807093,-5.44723487683453,-3.4388043707978824,-4.3645955461318335,-3.1448195775415453,-4.423819481742287,-3.3620796385185283,-4.255733405243465,-4.423819481742287,-4.423819481742287,-4.553957353598749,-3.2060918024530123,-4.006024758118524,-4.980845581277853,-4.589321717731773,-5.035563824972211,-3.08708586837533,-4.08979074053355,-4.832645937553156,-4.230273781632144,-3.252276589420137,-4.068182293901938,-3.1196673461782156,-3.612550362889441,-4.3645955461318335,-4.336248976977397,-4.787755097038934,-4.832645937553156,-2.5029746286783956,-5.09345035401891,-4.205446289911661,-2.5580900550556622,-4.423819481742287,-4.553957353598749,-3.6827250500538504,-4.393769143678316,-4.553957353598749,-4.7036011788569745,-3.986135478781438
-4.369338661101766,-4.031060777240128,-3.0296875467368896,-2.4725925241216578,-4.7924982120088675,-3.5644968413003015,-5.370499721078515,-3.3356611128774034,-4.49151604161717,-3.0918289833452626,-4.52454414277204,-3.3356611128774034,-4.286601307954539,-4.49151604161717,-4.260476520213397,-4.313426950851728,-3.247610526955863,-4.116619558857295,-4.837389052523088,-4.7924982120088675,-5.159637854610175,-3.132724443191587,-4.116619558857295,-4.749536278765268,-4.286601307954539,-3.238289057522552,-4.185963413899483,-3.2570197043900695,-3.6172934778593735,-4.286601307954539,-4.630725829764876,-4.7924982120088675,-4.594064832701705,-2.534895791109988,-4.9855886962477864,-4.398512258648249,-2.4386593337483955,-4.34099209194733,-4.52454414277204,-3.6172934778593735,-4.49151604161717,-4.6687821725168615,-4.7924982120088675,-4.010767873088457
-4.46281457458949,-3.918326571863127,-3.0032779400281093,-2.4932714848518547,-4.795768777679024,-3.517619020761563,-5.373770286748671,-3.2697888217179862,-4.597335398371862,-3.127681026818305,-4.431833162382376,-3.3700933191586175,-4.46281457458949,-4.633996395435033,-4.289871873624696,-4.401782824318405,-3.3287565805855808,-4.21345997055175,-4.840659618193245,-4.597335398371862,-5.228376820178004,-3.0791984348420396,-4.034331342910285,-4.46281457458949,-4.401782824318405,-3.232324241703245,-4.189233979569639,-3.2231733725763165,-3.5299223255627927,-4.1655810320438,-4.561971034238837,-4.887660750026978,-4.840659618193245,-2.480186859931538,-4.988859261917943,-4.289871873624696,-2.5199658361729895,-4.431833162382376,-4.561971034238837,-3.6480458499785984,-4.46281457458949,-4.527814708442197,-4.711614859497063,-4.055044593800396
-4.416109682995805,-4.060472495155455,-3.0874224600002735,-2.490806110221368,-4.7370833650488535,-3.5266554098342278,-5.625588772264763,-3.323208199160989,-4.479063127900756,-3.1983820037065307,-4.149857552657229,-3.375697156987891,-4.222563982885663,-4.5462475548522665,-4.3285391782309155,-4.416109682995805,-3.3029604938785972,-4.039321114413825,-4.7370833650488535,-4.695891380110492,-5.0278540262257305,-3.0556182211372915,-4.082080941787068,-4.656329258800447,-4.356885747385352,-3.225836143806138,-4.173510500183069,-3.1629110036312724,-3.6463517813941717,-4.416109682995805,-4.300974037135314,-4.824936138806674,-4.780045298292453,-2.536314007881418,-4.973135782531372,-4.222563982885663,-2.5042423567864187,-4.447091095202919,-4.695891380110492,-3.6048405641429593,-4.479063127900756,-4.7370833650488535,-4.7370833650488535,-3.8321265953207178
-4.319233915182945,-4.057580992461457,-3.027991474668858,-2.5225022348340502,-4.939516808164554,-3.5449152878818593,-5.457784956135679,-3.272325220379047,-4.497323005948387,-3.105682338047905,-4.497323005948387,-3.272325220379047,-4.319233915182945,-4.674589136848079,-4.292408272285757,-4.346799056278547,-3.234860640364306,-4.145011042264404,-4.798305176340085,-4.755343243096485,-5.10400043332006,-3.0506716122259903,-4.122426523188512,-4.798305176340085,-4.319233915182945,-3.2440960218537693,-4.168117430704861,-3.181170881678904,-3.6932751293550004,-4.292408272285757,-4.46535097325055,-4.798305176340085,-4.7141512581581235,-2.5135247079795455,-4.939516808164554,-4.346799056278547,-2.5135247079795455,-4.346799056278547,-4.674589136848079,-3.5575289768163607,-4.404319222979466,-4.564507432899898,-4.674589136848079,-4.078732373203087
-4.380145055073923,-3.972511390177045,-2.9671240209821743,-2.4456334642739526,-4.915342640259011,-3.669100961449457,-5.433610788230137,-3.277200345292891,-4.575697629127379,-3.1569967137733608,-4.441176805345007,-3.483827480132991,-4.380145055073923,-4.506176939197714,-4.216649693027751,-4.410195393137894,-3.3275736050884044,-4.167596210325158,-4.774131008434541,-4.689977090252581,-5.352132517504188,-3.089619830454227,-4.054558205297544,-4.575697629127379,-4.2421093166390715,-3.2386525008157436,-4.2682341043802134,-3.2970462040206856,-3.5989262742850476,-4.322624888373004,-4.441176805345007,-4.689977090252581,-4.6123586261905505,-2.544465966451269,-4.866022980782496,-4.2421093166390715,-2.4202921301740696,-4.322624888373004,-4.540333264994356,-3.5989262742850476,-4.441176805345007,-4.506176939197714,-4.915342640259011,-4.143943262799318
-4.228443499477462,-3.9843051966267553,-3.0081639533852167,-2.496685626813167,-4.9271364467087215,-3.557923444175686,-5.3639263239538995,-3.2410371298312475,-4.517970745647425,-3.1601159342524294,-4.421989199587604,-3.370856159241847,-4.362765263977151,-4.552127071444065,-4.362765263977151,-4.362765263977151,-3.250446307265454,-4.045200631005624,-4.830815655398473,-4.701770896702291,-5.3639263239538995,-3.085255586220647,-4.179390016774867,-4.662208775392246,-4.253903123088782,-3.2410371298312475,-4.228443499477462,-3.2988678496508355,-3.6243665807192738,-4.421989199587604,-4.421989199587604,-4.830815655398473,-4.742962881640652,-2.514641042313082,-4.877816787232206,-4.179390016774867,-2.4878273883595936,-4.362765263977151,-4.624152432640261,-3.545148615360528,-4.421989199587604,-4.662208775392246,-4.742962881640652,-4.024487380115513
-4.2846248181333015,-4.157161281181057,-3.0314735151994396,-2.515319667186283,-4.76369607929044,-3.561744631719022,-5.423175859086037,-3.2667654161487905,-4.462713908898744,-3.1207605597930517,-4.257799175236113,-3.4495193713849854,-4.430741876200907,-4.430741876200907,-4.231674387494971,-4.34053652838334,-3.2002515433146623,-4.206214763883651,-4.76369607929044,-4.639980039798435,-5.196304121789421,-3.103922310473161,-4.206214763883651,-4.495742010053614,-4.257799175236113,-3.2282175716716432,-4.231674387494971,-3.2377161233294034,-3.6300025623921597,-4.133508333655217,-4.462713908898744,-4.679542161108481,-4.76369607929044,-2.587369256046096,-4.956786563529359,-4.3121899592289035,-2.470017963476076,-4.495742010053614,-4.639980039798435,-3.4495193713849854,-4.495742010053614,-4.529898335850255,-4.904907711114911,-4.065731722785056
-4.28985589361188,-4.049354351632022,-2.983774183914554,-2.539262112785747,-4.768927154769019,-3.5669757071976003,-5.517117547307204,-3.3223697514228823,-4.4049915394723715,-3.214718000282704,-4.345767603861918,-3.419976428527967,-4.4049915394723715,-4.500973085532192,-4.236905462973549,-4.4049915394723715,-3.3223697514228823,-4.0709627982636345,-4.768927154769019,-4.607154772525028,-5.074622411748995,-3.021293590654925,-4.049354351632022,-4.607154772525028,-4.28985589361188,-3.214718000282704,-4.374941201408401,-3.2334486471502215,-3.635233637870738,-4.186618347641746,-4.28985589361188,-4.684773236587059,-4.607154772525028,-2.543995177282264,-4.910138786593489,-4.317421034707482,-2.51132473387014,-4.263030250714691,-4.500973085532192,-3.607368920604041,-4.467944984377322,-4.725965221525419,-4.725965221525419,-4.007489720000281
-4.3229955580290405,-4.144313932455354,-3.065850286994256,-2.467623793012087,-4.819392518604799,-3.6408081611922967,-5.5226920706287626,-3.359433022448173,-4.3805157247299595,-3.2110571421147993,-4.242479986295108,-3.414223236703725,-4.26860477403625,-4.441547475001044,-4.41056606279393,-4.473519507698881,-3.2581113621700197,-4.242479986295108,-4.967592162329497,-4.612729295846587,-5.080196935070553,-2.996740816591543,-4.1921928709633045,-4.650785638598572,-4.242479986295108,-3.2110571421147993,-4.098623024939005,-3.2019062729878707,-3.5992969439410842,-4.2954304169334385,-4.473519507698881,-4.774501678090578,-4.774501678090578,-2.485262490019493,-4.967592162329497,-4.3229955580290405,-2.503217905519408,-4.351342127183477,-4.576068298783416,-3.5858341665606464,-4.41056606279393,-4.506547608853751,-4.866393650438532,-4.013064243321839
-4.248767457887952,-4.0139401780636526,-3.128855481310458,-2.487920273942538,-4.754664361942281,-3.5527129143708613,-5.414144141737875,-3.3395957062998756,-4.520866618502094,-3.182068956839573,-4.19718304653549,-3.4171711395911117,-4.275593100785141,-4.453682191550583,-4.360678408581662,-4.453682191550583,-3.25773369880063,-4.078785708790708,-4.846556334290234,-4.754664361942281,-5.18727240444126,-3.014706610768294,-4.056700005436896,-4.486710292705453,-4.360678408581662,-3.2191858543234826,-4.248767457887952,-3.209776676889276,-3.593106127777302,-4.19718304653549,-4.331504811035179,-4.846556334290234,-4.799555202456501,-2.593392018119471,-5.002473089875558,-4.248767457887952,-2.5440674923189306,-4.390728746645633,-4.453682191550583,-3.4523530044424273,-4.520866618502094,-4.486710292705453,-4.799555202456501,-3.97293402302187
-4.324106743333499,-4.077648506889652,-3.020361955928399,-2.56021475543392,-4.8675048357429915,-3.746056159832161,-5.6211563373673465,-3.278682200253386,-4.577179484087875,-3.18496316757252,-4.296541602237897,-3.393056824385753,-4.243591171599567,-4.411677248098389,-4.324106743333499,-4.324106743333499,-3.1939495688091144,-4.077648506889652,-4.8675048357429915,-4.651896823903031,-5.435092643190632,-2.9758376112490224,-4.099734210243463,-4.613840481151046,-4.4426586603055025,-3.167229062091571,-4.169078065285653,-3.2689050398499893,-3.534836663871313,-4.269715959340709,-4.4746306930033395,-4.968703347633955,-4.732650930151436,-2.5459478214117643,-4.8675048357429915,-4.218131547988246,-2.4998099218890024,-4.269715959340709,-4.691458945213077,-3.547611492686471,-4.381626910034418,-4.577179484087875,-4.820503703909258,-3.97399324513754
-4.37940330331905,-3.952268240375312,-3.0105785914076906,-2.5390134466104843,-4.81828009719389,-3.5326130571559444,-5.351390765749315,-3.2963044522658125,-4.611616874435677,-3.12199917211099,-4.241367564884198,-3.369041115375106,-4.241367564884198,-4.539591513239483,-4.241367564884198,-4.539591513239483,-3.3583206010372635,-4.097510603528095,-4.865281229027623,-4.914600888504138,-5.276053949113191,-3.0105785914076906,-4.241367564884198,-4.505435187442841,-4.241367564884198,-3.1650054553762024,-4.166854458570285,-3.2474093007186307,-3.639695739781387,-4.1432015110444445,-4.321883136618131,-4.865281229027623,-4.81828009719389,-2.553212852165246,-5.021197984612945,-4.294317995522529,-2.4886087883191292,-4.440435053590134,-4.440435053590134,-3.519999368221443,-4.539591513239483,-4.689235338497708,-5.021197984612945,-3.9717696384221717
-4.3465126715485285,-4.139484476820406,-3.037449658364628,-2.5687475435270013,-4.814563062969851,-3.581004710925698,-5.429152002251225,-3.243692266494592,-4.405736607158982,-3.0851610444753153,-4.29060096129849,-3.3981929471208794,-4.405736607158982,-4.468690052063932,-4.3465126715485285,-4.468690052063932,-3.262964398910582,-4.263775318401302,-4.685518304273669,-4.726710289212029,-5.075367479435605,-3.1182821378869514,-4.008234787686892,-4.685518304273669,-4.501718153218802,-3.179022526633113,-4.29060096129849,-3.1880089278697072,-3.709239339713754,-4.212190907048839,-4.318166102394092,-4.962762706694548,-4.769672222455629,-2.4848917540950906,-4.910883854280099,-4.23765053066016,-2.454090304708144,-4.501718153218802,-4.501718153218802,-3.621949294755204,-4.468690052063932,-4.685518304273669,-4.645956182963624,-3.9294228493994874
-4.228077040710965,-3.983938737860259,-3.037924792003661,-2.46997643837027,-4.978648840356675,-3.5447821565940316,-5.288223048551279,-3.298501390884339,-4.484576185726058,-3.194908660295239,-4.228077040710965,-3.3704897004753507,-4.362398805210654,-4.551760612677569,-4.421622740821108,-4.362398805210654,-3.349387419222328,-4.109679702966183,-4.830449196631976,-4.6237859738737646,-5.218166398616735,-3.0227476908457778,-4.132264222042075,-4.6237859738737646,-4.228077040710965,-3.2500798484989577,-4.228077040710965,-3.1771745548142896,-3.6103536219682617,-4.253536664322286,-4.391572402757137,-4.785558356117756,-4.6237859738737646,-2.509755414611721,-4.926769987942225,-4.334052236056218,-2.5418270657067206,-4.391572402757137,-4.5871249768105935,-3.5575569854091897,-4.551760612677569,-4.66184231662575,-4.701404437935794,-4.132264222042075
-4.3771747411558435,-3.9894303555960517,-3.0083500292444842,-2.486380226155923,-5.018969422449739,-3.5560994629628464,-5.5193510870546465,-3.314323595384998,-4.407225079219814,-3.1985652894137546,-4.537362951076275,-3.304148497423019,-4.265263790462134,-4.407225079219814,-4.348001143609361,-4.407225079219814,-3.2644528709714145,-4.095282041364889,-4.609388312272471,-4.647444655024456,-5.018969422449739,-3.1894973999305396,-4.009723259747723,-4.609388312272471,-4.2920894333593225,-3.2547703785959037,-4.265263790462134,-3.1985652894137546,-3.7107278117745865,-4.1646258964070775,-4.438206491426928,-4.912372326340932,-4.771160694516462,-2.546228717029707,-4.816051535030683,-4.407225079219814,-2.4215010266182553,-4.239139002720992,-4.609388312272471,-3.7107278117745865,-4.503206625279635,-4.771160694516462,-4.647444655024456,-3.9894303555960517
-4.356885747385352,-4.018607863523714,-3.1371097787950637,-2.490806110221368,-4.921256930116923,-3.539269098768729,-5.528235690830638,-3.408566022957703,-4.386059344931835,-3.1542364176606306,-4.3285391782309155,-3.3029604938785972,-4.416109682995805,-4.512091229055626,-4.300974037135314,-4.300974037135314,-3.1983820037065307,-4.126751164216772,-4.7370833650488535,-4.695891380110492,-5.0278540262257305,-3.0478227342014517,-4.018607863523714,-4.416109682995805,-4.300974037135314,-3.2351576132394486,-4.1041666451408805,-3.171661496988987,-3.6605808205528607,-4.356885747385352,-4.5462475548522665,-4.824936138806674,-4.5462475548522665,-2.5042423567864187,-5.14718494089376,-4.300974037135314,-2.5503802563091806,-4.300974037135314,-4.695891380110492,-3.5913777867625214,-4.5462475548522665,-4.5462475548522665,-4.780045298292453,-4.060472495155455
-4.373822557982354,-3.9466874950386166,-3.075185673050793,-2.50106442334323,-4.767808511342972,-3.552747279789357,-5.515998903881157,-3.204363975367194,-4.569375132035811,-3.150674216681792,-4.288737250185833,-3.290723706929117,-4.344648960435872,-4.466826340951275,-4.344648960435872,-4.466826340951275,-3.270877848201322,-4.185499704215699,-4.909020143167442,-4.724846578099372,-5.2004165538419524,-3.1164184267742945,-3.9466874950386166,-4.606036129098982,-4.466826340951275,-3.280751546109556,-4.261911607288645,-3.280751546109556,-3.6483440336033803,-4.137620765707749,-4.403872896046325,-4.859700483690927,-4.569375132035811,-2.5148084549744043,-4.960898995581891,-4.344648960435872,-2.4223455929316096,-4.344648960435872,-4.4998544421061455,-3.677424303183103,-4.534010767902787,-4.767808511342972,-4.724846578099372,-4.114514377267291
-4.463462882839505,-3.962825434973706,-3.0478747103942183,-2.4841432738331948,-5.070140310211178,-3.616722125530777,-5.512635445769387,-3.277388087997786,-4.496490983994375,-3.147310758570022,-4.431490850141668,-3.426951830880034,-4.285373792074063,-4.463462882839505,-4.463462882839505,-4.312938933169665,-3.349376397588798,-4.111150919155522,-4.721483119987603,-4.496490983994375,-5.13158469583251,-3.13863617259938,-4.182136246103929,-4.640729013739197,-4.312938933169665,-3.267514390089552,-4.157910255121818,-3.1560612519277367,-3.6307515363329212,-4.232423361435733,-4.530647309791016,-5.01225378116448,-4.6802911350492415,-2.5022613525585937,-5.070140310211178,-4.232423361435733,-2.4359475090706137,-4.312938933169665,-4.566011673924041,-3.616722125530777,-4.400509437934555,-4.530647309791016,-4.6802911350492415,-3.9827147143107924
-4.460635386418688,-3.9919699712507257,-3.061367025417221,-2.4650920453476335,-4.9866800737471415,-3.645866661807797,-5.639133063480532,-3.433311148121369,-4.492607419116525,-3.053631838334236,-4.342083469446685,-3.433311148121369,-4.287692685453894,-4.525635520271395,-4.342083469446685,-4.460635386418688,-3.3265773924147792,-4.074016786371224,-4.838480430022443,-4.6698735500162165,-5.0413983174415,-3.077019246671238,-4.074016786371224,-4.709435671326261,-4.236108274101432,-3.2301450535324436,-4.2615678977127525,-3.2581110818894246,-3.5655882187996566,-4.1402954554325415,-4.460635386418688,-4.885481561856176,-4.631817207264231,-2.5132878101102145,-5.099284846488198,-4.2615678977127525,-2.452341107543768,-4.314518328351083,-4.59515621020106,-3.503286061206672,-4.429653974211575,-4.631817207264231,-4.709435671326261,-4.0956252330028375
-4.391106701310691,-4.035469513470341,-3.0384719737703545,-2.5589890424797037,-4.846934288955293,-3.5934840824423606,-5.503232709145523,-3.3188713797119114,-4.391106701310691,-3.137908021946158,-4.303536196545801,-3.4647387883057883,-4.487088247370512,-4.391106701310691,-4.275971055450199,-4.303536196545801,-3.277957512193483,-4.172733509480065,-4.670888398425378,-4.670888398425378,-5.1876503591063186,-3.0150845654333525,-4.148507518497954,-4.556608937300177,-4.4220881135178045,-3.2008331621210235,-4.275971055450199,-3.2101546315543343,-3.5530908690359198,-4.124854570972115,-4.36105636324672,-4.846934288955293,-4.712080383363739,-2.5020422602387704,-4.896253948431808,-4.36105636324672,-2.5066659045031807,-4.391106701310691,-4.670888398425378,-3.579837582457845,-4.487088247370512,-4.556608937300177,-4.846934288955293,-3.896023623785656
-4.252163918270905,-4.060096465819848,-2.9877471206540065,-2.547463952701883,-4.7150988890816325,-3.582856088175739,-5.5062512148634175,-3.342992166682828,-4.425106619235699,-3.1763975277393106,-4.425106619235699,-3.3865815469904827,-4.252163918270905,-4.559627443018071,-4.306554702263695,-4.200579506918443,-3.3218898854298056,-4.127873076690009,-4.7150988890816325,-4.524263078885047,-5.063756079305208,-3.0654379840330535,-4.127873076690009,-4.7150988890816325,-4.334901271418132,-3.3755047833159493,-4.0821821691736595,-3.280976017911377,-3.667676614165363,-4.104766688249551,-4.524263078885047,-4.802951662839455,-4.7150988890816325,-2.477759042927225,-4.899272454149703,-4.394125207028585,-2.4338499788304384,-4.252163918270905,-4.596288440081242,-3.5300594516166672,-4.596288440081242,-4.524263078885047,-4.951151306564151,-4.127873076690009
-4.27672493735563,-4.000891502489548,-2.997468870555493,-2.5113380688387883,-4.698467923227998,-3.648928324511677,-5.628165315382268,-3.356946382889552,-4.359462290502857,-3.1568129607781357,-4.38863588804934,-3.3257847422784943,-4.152434095774734,-4.38863588804934,-4.303550580252819,-4.584188462102796,-3.210026436307251,-4.1293277073342765,-4.874513813757913,-4.739659908166358,-5.285286533843481,-3.066051498572974,-4.084657484904573,-4.620849459165967,-4.225140526003168,-3.2662315254894,-4.152434095774734,-3.2759140178649107,-3.663157363670366,-4.176087043300575,-4.584188462102796,-4.975712325648876,-4.7826218414099575,-2.493382653338873,-4.975712325648876,-4.331115721348421,-2.5204381407373493,-4.303550580252819,-4.38863588804934,-3.5418456418862343,-4.481639671018261,-4.698467923227998,-4.82751268192418,-4.063049038272961
-4.305709113274103,-3.971356644272289,-3.0487953520564535,-2.4873951738336366,-4.952817649152901,-3.5457595652122,-5.389607526398079,-3.3146753541867806,-4.687889977836425,-3.2667183322754267,-4.360099897266894,-3.3146753541867806,-4.332534756171292,-4.417620063967813,-4.332534756171292,-4.305709113274103,-3.257396862842116,-4.205071219219047,-4.768644084084832,-4.687889977836425,-5.178745659929739,-3.0412923156572047,-4.181418271693207,-4.543651948091604,-4.229297210201158,-3.229942722742509,-4.279584325532961,-3.239010612225724,-3.706575970343347,-4.279584325532961,-4.478651814238897,-4.952817649152901,-4.768644084084832,-2.466143098917068,-5.00469650156735,-4.15831188325275,-2.4831084731678423,-4.38844646642133,-4.577808273888245,-3.5836046466198654,-4.38844646642133,-4.687889977836425,-4.811606017328431,-4.009986399070934
-4.392305186047295,-3.9651701231035577,-3.0540685753169123,-2.54722664858115,-4.8781831117558685,-3.5843396918364947,-5.445770919203509,-3.3606156808875074,-4.4533369363183795,-3.1182033885471947,-4.334785019346376,-3.2992341741744973,-4.254269447612444,-4.552493395967728,-4.334785019346376,-4.392305186047295,-3.2699008234873554,-4.15610339377269,-4.743329206164313,-4.786291139407913,-5.2188991819068935,-3.1017799614275994,-4.088326782902529,-4.587857760100752,-4.392305186047295,-3.250812631789116,-4.11041248625634,-3.260311183446876,-3.61108640525842,-4.307219878250774,-4.422355524111266,-4.831181979922135,-4.786291139407913,-2.492613023593549,-4.979381623646832,-4.334785019346376,-2.4535251919765733,-4.307219878250774,-4.5183370701710865,-3.6247329052429356,-4.4533369363183795,-4.624518757163923,-4.743329206164313,-3.908848933592017
-4.468690052063932,-3.892230016639733,-3.0220386583415353,-2.4284237404911755,-4.726710289212029,-3.6359787055573483,-5.347673731525276,-3.443769301385931,-4.645956182963624,-3.07704938416345,-4.318166102394092,-3.3128351233241657,-4.318166102394092,-4.436718019366095,-4.436718019366095,-4.318166102394092,-3.262964398910582,-4.163137424346246,-4.814563062969851,-4.645956182963624,-5.202280264954609,-3.0610208313593077,-4.050099419318633,-4.571238843148468,-4.29060096129849,-3.376160771507978,-4.139484476820406,-3.3653240811510674,-3.6359787055573483,-4.187363415328356,-4.571238843148468,-4.769672222455629,-4.910883854280099,-2.51206980155675,-5.017480950388906,-4.23765053066016,-2.4759941066412647,-4.318166102394092,-4.501718153218802,-3.581004710925698,-4.571238843148468,-4.571238843148468,-4.685518304273669,-4.050099419318633
-4.519435239267694,-3.947139935448379,-3.0321384010378836,-2.467483620617312,-4.879281280852476,-3.65369579160624,-5.290054000938044,-3.4614863874348227,-4.486407138112824,-3.127615539687241,-4.423453693207874,-3.3203771114110783,-4.13409517442884,-4.423453693207874,-4.308318047347382,-4.36422975759742,-3.280681484959474,-4.046665124625894,-4.6636732690125156,-4.744427375260921,-5.154528951105829,-3.009628447005486,-4.1572015628692975,-4.519435239267694,-4.281492404450193,-3.205726013918599,-4.1572015628692975,-3.300332343271105,-3.5987217969745897,-4.2553676167090515,-4.423453693207874,-4.879281280852476,-4.703235390322561,-2.5436580180934865,-5.093084565484497,-4.308318047347382,-2.5161055359333515,-4.423453693207874,-4.6636732690125156,-3.5593879377959556,-4.423453693207874,-4.588955929197359,-4.6636732690125156,-4.067816505367524
-4.395230961269937,-3.875915721604766,-3.0114560531315204,-2.4911194881058973,-4.789216914630556,-3.57415568307694,-5.291881607064079,-3.282509091085508,-4.488234744238858,-3.198567218808039,-4.337710794569018,-3.302159949397139,-4.310145653473416,-4.627444532386565,-4.5212628453937285,-4.257195222835086,-3.244329229577551,-4.113338261478983,-4.746254981386956,-4.705062996448595,-5.367218423700203,-3.1378268300618775,-4.159029168995332,-4.425281299333908,-4.337710794569018,-3.1808331133270897,-4.310145653473416,-3.2350077601442404,-3.6555233977322743,-4.206908107503282,-4.425281299333908,-4.834107755144776,-4.66550087513855,-2.5270332139579468,-4.8811088869785095,-4.395230961269937,-2.5044364462700166,-4.395230961269937,-4.789216914630556,-3.57415568307694,-4.3660573637234545,-4.627444532386565,-4.705062996448595,-4.027779479861817
-4.37940330331905,-4.053816453542671,-3.088878078699354,-2.4534835687924588,-4.81828009719389,-3.5847217451497366,-5.276053949113191,-3.369041115375106,-4.472407086287971,-3.130453737182279,-4.350229705772567,-3.3165521575482044,-4.294317995522529,-4.611616874435677,-4.350229705772567,-4.321883136618131,-3.200793851576961,-4.053816453542671,-4.914600888504138,-4.689235338497708,-5.205997299178648,-3.1650054553762024,-4.120095122603987,-4.574955877372506,-4.26749235262534,-3.306377059586225,-4.191080449552395,-3.219180102193353,-3.5583280251260527,-4.26749235262534,-4.505435187442841,-4.730427323436068,-4.611616874435677,-2.4886087883191292,-5.140528899280976,-4.215907941272878,-2.5203892003111,-4.350229705772567,-4.539591513239483,-3.639695739781387,-4.37940330331905,-4.574955877372506,-4.730427323436068,-4.097510603528095
-4.343529064245182,-4.025964431273655,-3.1152985305836047,-2.486386835754275,-4.682534696970322,-3.564737167580864,-5.269353307585806,-3.3623404738477207,-4.433734412062749,-3.0821774371719686,-4.3727026617916644,-3.3623404738477207,-4.402752999855635,-4.604916232908292,-4.234666923356813,-4.343529064245182,-3.2697579520106324,-4.136500869517059,-4.959779099391202,-4.766688615152283,-5.01449734308556,-3.098600864291564,-3.945567598847927,-4.498734545915456,-4.315182495090745,-3.2599807916072354,-4.234666923356813,-3.1850253205663606,-3.591483881002789,-4.184379808025009,-4.465706444760586,-4.9079002469767525,-4.642972575660277,-2.556091745528933,-4.9079002469767525,-4.3727026617916644,-2.4511066974047973,-4.402752999855635,-4.433734412062749,-3.6051303809873048,-4.604916232908292,-4.9079002469767525,-4.766688615152283,-4.025964431273655
-4.382367014867041,-4.035628784349032,-3.0441304041366584,-2.4651135968214763,-4.821243808741881,-3.5105065161114286,-5.524543360765844,-3.3401820313322323,-4.508398898990833,-3.141944103391304,-4.412417352931012,-3.3506775097072534,-4.29728170707052,-4.4433987651381255,-4.24433127643219,-4.270456064173332,-3.2221438137413445,-4.100474315076086,-4.6921990500457,-4.6921990500457,-5.2089610107266395,-3.021102060761022,-4.24433127643219,-4.821243808741881,-4.270456064173332,-3.2221438137413445,-4.194044161100386,-3.279422305086009,-3.6426594513293784,-4.218871652820869,-4.353193417320559,-4.917564600052129,-4.821243808741881,-2.5187505473287803,-5.143492610828967,-4.353193417320559,-2.537288477400896,-4.542555224787474,-4.614580585983669,-3.601148234078166,-4.4433987651381255,-4.542555224787474,-4.542555224787474,-3.9946226293072495
-4.420196910073443,-4.03357831002598,-3.0524818844993726,-2.455053686638319,-4.798041953677199,-3.5251497424544116,-5.412630892958573,-3.404200386921925,-4.38921549786633,-3.208263428109973,-4.30164499310144,-3.3705950741536936,-4.329991562255876,-4.45216894277128,-4.359165159802359,-4.247254209108649,-3.2271711572019397,-4.146616315053594,-5.000959841096254,-4.845043085510932,-5.120290755764285,-2.9979002056963395,-4.077272460011404,-4.798041953677199,-4.48519704392615,-3.2760663087491215,-4.195669797756187,-3.171487818577055,-3.805232410191242,-4.247254209108649,-4.48519704392615,-4.894362744987447,-4.753151113162977,-2.477348171656943,-5.058846370142953,-4.30164499310144,-2.450653820335808,-4.38921549786633,-4.519353369722792,-3.591592878997999,-4.329991562255876,-4.591378730918986,-4.753151113162977,-4.195669797756187
-4.376802830796828,-3.9890584452370366,-3.0463617070022853,-2.5650163160179353,-4.770788784157446,-3.6657587371723626,-5.518979176695631,-3.235310276538649,-4.50283471492062,-3.1110150153401666,-4.347629233250346,-3.3993095088226966,-4.347629233250346,-4.686634865975487,-4.376802830796828,-4.291717523000307,-3.3242313808113098,-4.164253986048063,-4.815679624671668,-4.647072744665441,-5.076484041137422,-3.070119555493842,-4.030064600278819,-4.4378345810679125,-4.376802830796828,-3.2543984682368885,-4.291717523000307,-3.2165796296711315,-3.595584050007953,-4.264891880103119,-4.406853168860799,-4.912000415981916,-4.647072744665441,-2.5040446961577043,-4.912000415981916,-4.213307468750656,-2.4508830962702373,-4.347629233250346,-4.912000415981916,-3.5049423320412156,-4.4698066137657495,-4.609016401913456,-4.647072744665441,-4.009351349388709
-4.436718019366095,-4.093793569304056,-3.0933390422942377,-2.4671749296284604,-4.726710289212029,-3.5677207748842106,-5.517862614993814,-3.376160771507978,-4.535874479015444,-3.224784537402625,-4.29060096129849,-3.354603566813225,-4.263775318401302,-4.468690052063932,-4.318166102394092,-4.405736607158982,-3.2532819065350713,-4.116378088379948,-4.645956182963624,-4.607899840211639,-5.075367479435605,-3.07704938416345,-4.028948038577002,-4.607899840211639,-4.29060096129849,-3.3128351233241657,-4.139484476820406,-3.2532819065350713,-3.6081139882906514,-4.093793569304056,-4.468690052063932,-4.685518304273669,-4.726710289212029,-2.4848917540950906,-4.962762706694548,-4.263775318401302,-2.4983884498844597,-4.405736607158982,-4.685518304273669,-3.5038257703393985,-4.607899840211639,-4.645956182963624,-4.814563062969851,-4.050099419318633
-4.2682341043802134,-4.012693573665803,-3.04190844434354,-2.4286680900231783,-4.866022980782496,-3.5854634969046097,-5.433610788230137,-3.348455549914135,-4.441176805345007,-3.0977978282731495,-4.410195393137894,-3.425180282193489,-4.380145055073923,-4.506176939197714,-4.322624888373004,-4.410195393137894,-3.267423184889494,-4.167596210325158,-4.866022980782496,-4.731169075190941,-5.433610788230137,-3.089619830454227,-4.167596210325158,-4.473148838042844,-4.295059747277402,-3.257740692513983,-4.167596210325158,-3.219921853948226,-3.5461296377259757,-4.35097145752744,-4.35097145752744,-4.915342640259011,-4.575697629127379,-2.516528587535662,-4.819021848948763,-4.35097145752744,-2.5303997180235065,-4.35097145752744,-4.540333264994356,-3.5989262742850476,-4.441176805345007,-4.575697629127379,-4.96722149267346,-3.992400669514131
-4.3956310499826925,-4.039993862142342,-3.1511828639758743,-2.4353558217845457,-4.716604732035741,-3.5843619311298465,-5.712973215651351,-3.2626360021376897,-4.635850625787334,-3.2240881576605425,-4.308060545217803,-3.4336637442096416,-4.308060545217803,-4.458584494887643,-4.129378919644116,-4.365580711918722,-3.323395728383913,-4.106272531203659,-4.851458637627294,-4.804457505793561,-5.19217470777832,-3.027344101188339,-4.039993862142342,-4.561133285972178,-4.308060545217803,-3.1337577846475178,-4.3956310499826925,-3.3660552143316886,-3.506176776821115,-4.253669761225012,-4.525768921839154,-4.7595666652793405,-4.675412747097379,-2.511190253175182,-4.952657149518259,-4.177257858152067,-2.506566608910772,-4.365580711918722,-4.561133285972178,-3.598008431114362,-4.336407114372239,-4.597794283035349,-4.804457505793561,-4.018842481400712
-4.448564218342499,-4.083554064926648,-2.967331621402086,-2.483420994907375,-4.738556488188433,-3.5928509099021015,-5.529708813970218,-3.377170280127471,-4.5477206779918475,-3.1471095565956775,-4.330012301370496,-3.345347484536606,-4.358358870524932,-4.480536251040336,-4.330012301370496,-4.448564218342499,-3.227309266945718,-4.1282242873563515,-4.826409261946255,-4.697364503250073,-5.284183113865556,-3.033884857317939,-4.083554064926648,-4.513564352195206,-4.17498362332265,-3.2180738854562545,-4.249496729636563,-3.2748105978869857,-3.662053943692441,-4.358358870524932,-4.480536251040336,-4.9746089056709515,-4.657802381940027,-2.4616127335448237,-5.02932714936531,-4.275621517377705,-2.528518365063465,-4.448564218342499,-4.480536251040336,-3.5928509099021015,-4.480536251040336,-4.513564352195206,-4.697364503250073,-4.1282242873563515
-4.349858623469677,-4.119724040301097,-3.0027044727055516,-2.5108344737041692,-4.914229806201248,-3.6252952466763526,-5.432497954172373,-3.3368472374813507,-4.40908255908013,-3.1823684785542614,-4.40908255908013,-3.3795067234291265,-4.215536858969988,-4.505064105139951,-4.440063971287244,-4.26712127032245,-3.2004227692740708,-4.05344537123978,-4.773018174376778,-4.649302134884772,-5.0787134313567535,-3.064366783280456,-4.0971395212252055,-4.505064105139951,-4.472036003985081,-3.25662785845622,-4.166483376267394,-3.2095736384009994,-3.6393246574784968,-4.166483376267394,-4.293946913219639,-4.817909014890999,-4.505064105139951,-2.5672457062372667,-4.966108658615697,-4.0971395212252055,-2.5200181180082097,-4.505064105139951,-4.574584795069616,-3.6393246574784968,-4.37903222101616,-4.688864256194817,-4.864910146724732,-3.932768801320636
-4.179136978675548,-4.085567132651249,-3.093358034942103,-2.490162013231652,-5.009254513736099,-3.4955993336865907,-5.509636178341006,-3.304608686671358,-4.428491582713288,-3.153061984499356,-4.493491716565995,-3.423952563451653,-4.367459832442203,-4.527648042362635,-4.397510170506174,-4.309939665741284,-3.2450554698822636,-3.9403247694984658,-4.853337758150776,-4.806336626317043,-5.4209255655984165,-3.0688229475106423,-4.131258040167598,-4.460463615411125,-4.154910987693437,-3.2165581007498174,-4.085567132651249,-3.198001249827043,-3.6277522689045405,-4.179136978675548,-4.493491716565995,-5.067141042782797,-4.637729746310816,-2.5556733176633104,-4.954536270041741,-4.282374524645682,-2.4633483592781635,-4.338286234895721,-4.599673403558831,-3.6419813080632295,-4.428491582713288,-4.806336626317043,-4.853337758150776,-4.020721601924194
-4.332952053314929,-4.131164039300785,-3.0758067822801447,-2.526855752477587,-4.925669805200936,-3.5063084164590057,-5.287122865809989,-3.3801100320719044,-4.420522558079819,-3.1163704225157476,-4.226976857969676,-3.4241797319896135,-4.305386912219327,-4.516504104139639,-4.390472220015848,-4.390472220015848,-3.2118627682737593,-4.131164039300785,-4.784458173376466,-4.586024794069305,-5.151597815977774,-3.083788944712862,-4.154270427741243,-4.451503970286932,-4.3612986224693655,-3.2302490188901514,-4.278561269322139,-3.3276210742450028,-3.6507646564781853,-4.226976857969676,-4.332952053314929,-4.876350145724421,-4.741496240132866,-2.4775802882979754,-5.032266901309743,-4.252436481580997,-2.426457477888622,-4.516504104139639,-4.741496240132866,-3.5825067258050476,-4.451503970286932,-4.7003042551945065,-4.829349013890688,-3.8889257491961597
-4.360564494286985,-4.001993706273676,-3.028473137727448,-2.4681421274466,-4.783724045194086,-3.6360011174936604,-5.443203824989681,-3.3902125942464343,-4.549926301753899,-3.1407885256966965,-4.332217925132548,-3.3475531082986585,-4.332217925132548,-4.621951662950095,-4.177189247084701,-4.389738091833467,-3.2673337292735276,-4.107845392042513,-4.87561601754204,-4.699570127012125,-5.150863687795393,-3.028473137727448,-4.130429911118405,-4.585290665886924,-4.201415238066812,-3.2770162216490384,-4.304652784036946,-3.220279509218307,-3.6642595674544935,-4.277827141139758,-4.482741874802389,-4.87561601754204,-4.740762111950486,-2.5079211036880515,-4.976814529433005,-4.360564494286985,-2.4681421274466,-4.277827141139758,-4.66000800570208,-3.481412687694233,-4.450769842104552,-4.621951662950095,-4.87561601754204,-4.130429911118405
-4.3237364854076015,-4.077278248963754,-3.0352848542951527,-2.47274531264197,-5.023051333402416,-3.6848583973092692,-5.434722385264735,-3.4262918792280868,-4.613470223225148,-3.0586722626321547,-4.474260435077442,-3.3495671469487327,-4.2961713443119995,-4.576809226161977,-4.411306990172491,-4.411306990172491,-3.2397640978503413,-4.121948471393457,-4.576809226161977,-4.916454237293609,-5.207850647968119,-3.0745733768055343,-4.121948471393457,-4.651526565977133,-4.243220913673669,-3.2397640978503413,-4.243220913673669,-3.2588522895485807,-3.5601813739155235,-4.243220913673669,-4.352083054562038,-4.732280672225539,-4.613470223225148,-2.486003417398054,-4.775242605469138,-4.1929337983418655,-2.494940826071131,-4.352083054562038,-4.576809226161977,-3.6848583973092692,-4.411306990172491,-4.651526565977133,-4.775242605469138,-3.993512266548729
-4.275989459335333,-3.9044441575737645,-3.004125501890626,-2.4926471753185764,-4.6977324452077,-3.6066816292401676,-5.284551055823185,-3.3048015589758055,-4.417950748093014,-3.1137986125289423,-4.448932160300127,-3.432935637148609,-4.387900410029043,-4.513932294152834,-4.302815102232522,-4.387900410029043,-3.3048015589758055,-4.199577556262388,-4.6977324452077,-4.7818863633896616,-5.149026005990969,-3.011572661718435,-4.106007710238089,-4.583452984082499,-4.330380243328124,-3.3250492642581975,-4.0411621795110335,-3.1735025620861954,-3.6066816292401676,-4.275989459335333,-4.417950748093014,-4.923097995214131,-4.738924430146062,-2.5197026627170525,-5.087581620369637,-4.2498646715941915,-2.5197026627170525,-4.448932160300127,-4.6581703238976555,-3.6066816292401676,-4.480904192997964,-4.6581703238976555,-4.923097995214131,-3.941636990333519
-4.273042126010161,-3.9578180137601326,-3.086316191772309,-2.4376905481000346,-4.920150661888958,-3.6173807958995106,-5.527129422602673,-3.363870374422084,-4.580505650757327,-3.1531301494326662,-4.299867768907349,-3.3323816267183517,-4.273042126010161,-4.5109849608276615,-4.415003414767841,-4.327432910002951,-3.170555228761023,-4.059366226927491,-4.778939030064489,-4.778939030064489,-5.146078672665796,-3.1531301494326662,-4.246917338269019,-4.38495307670387,-4.355779479157388,-3.2247298755781735,-4.246917338269019,-3.086316191772309,-3.6312161023640632,-4.246917338269019,-4.5109849608276615,-4.920150661888958,-4.778939030064489,-2.5780143511358604,-4.870831002412443,-4.246917338269019,-2.4764417372373195,-4.415003414767841,-4.655222990572483,-3.6739089830794045,-4.355779479157388,-4.735977096820889,-4.655222990572483,-4.059366226927491
-4.412417352931012,-4.169818170118276,-2.9693459807752927,-2.5005500267216254,-4.821243808741881,-3.587685456697728,-5.6218964421999695,-3.2892960029942433,-4.508398898990833,-3.1505440875958373,-4.353193417320559,-3.382841517280008,-4.353193417320559,-4.4753707978359625,-4.194044161100386,-4.270456064173332,-3.2696451446826122,-4.24433127643219,-4.969443452466578,-4.733391034984059,-5.2089610107266395,-3.0519258910724982,-4.056780165090663,-4.577919588920498,-4.194044161100386,-3.2221438137413445,-4.324846848166122,-3.2037575631249524,-3.6147947340626816,-4.382367014867041,-4.412417352931012,-5.082048225207635,-4.652636928735654,-2.487113780156575,-4.8682449405756145,-4.270456064173332,-2.5187505473287803,-4.4433987651381255,-4.577919588920498,-3.5744015206562407,-4.382367014867041,-4.8682449405756145,-4.733391034984059,-3.9361035951715175
-4.23319528302355,-4.092712241924955,-3.082025207334018,-2.449428116465886,-4.983767082669258,-3.6020090869004084,-5.368678107499987,-3.3971651474826885,-4.396690645069722,-3.13090282961306,-4.367517047523239,-3.2937459352886895,-4.311605337273201,-4.70652268024838,-4.367517047523239,-4.396690645069722,-3.2000269026078234,-4.23319528302355,-4.790676598430339,-4.628904216186349,-5.22328464092932,-3.0584540343393387,-4.137382464354658,-4.592243219123178,-4.311605337273201,-3.2551980908115423,-4.160488852795116,-3.2551980908115423,-3.7002923902704703,-4.396690645069722,-4.556878854990154,-4.74771466518674,-4.70652268024838,-2.4707709105431306,-4.983767082669258,-4.25865490663487,-2.4707709105431306,-4.160488852795116,-4.522722529193513,-3.6154718642808463,-4.592243219123178,-4.666960558938334,-4.666960558938334,-4.160488852795116
-4.254481740221361,-3.990842039323795,-3.034202194129116,-2.4791971081968107,-4.688247016136145,-3.5711868561044273,-5.389964564697799,-3.386287597107745,-4.510980885236454,-3.212406995268151,-4.38880350472105,-3.3551259564966873,-4.510980885236454,-4.479008852538617,-4.448027440331503,-4.417977102267533,-3.2035792543246853,-4.113998699122766,-4.811963055628151,-4.613529676320989,-5.244571098127131,-3.07974049153715,-4.279941363832681,-4.578165312187965,-4.360456935566614,-3.2213133598056345,-4.136084402476579,-3.1775541907917955,-3.558573167169926,-4.181775309992927,-4.544008986391324,-4.903855027976105,-4.65019067338416,-2.4456903301775297,-5.179102698229459,-4.332891794471012,-2.5227238675570662,-4.306066151573823,-4.510980885236454,-3.706933008643067,-4.448027440331503,-4.544008986391324,-4.72780913744619,-4.071238871749523
-4.368210493058764,-4.230174754623913,-2.962421194273368,-2.5184651560083475,-4.719234513175783,-3.547135214865767,-5.510386838957567,-3.4963499943031513,-4.398260831122735,-3.014562882305288,-4.283125185262243,-3.390717171084632,-4.339036895512281,-4.6004240641753915,-4.2562995423650545,-4.230174754623913,-3.2951842493259393,-4.155661648309998,-4.807087286933603,-4.638480406927377,-5.12933608902069,-3.13638756578756,-4.155661648309998,-4.854088418767336,-4.204715131012592,-3.217308761366378,-4.204715131012592,-3.207987291933067,-3.573528934889451,-4.179887639292109,-4.5637630671122205,-4.903408078243852,-4.638480406927377,-2.5759577569139847,-4.854088418767336,-4.310690326357845,-2.4685183306050176,-4.339036895512281,-4.398260831122735,-3.573528934889451,-4.429242243329848,-4.719234513175783,-4.678042528237421,-4.0426236432823845
-4.334418694822714,-3.964803798579896,-3.1014136369039376,-2.5101218733782176,-4.742962881640652,-3.6243665807192738,-5.3639263239538995,-3.2889941517426013,-4.552127071444065,-3.1345347303155737,-4.280027910829924,-3.318912617790809,-4.484942644492555,-4.58749143557709,-4.362765263977151,-4.452970611794718,-3.2889941517426013,-4.179390016774867,-4.785924814884252,-4.701770896702291,-5.153064457485559,-3.0459670637102656,-4.087960458378867,-4.517970745647425,-4.179390016774867,-3.2410371298312475,-4.253903123088782,-3.2317156603979367,-3.695540606724382,-4.306853553727112,-4.421989199587604,-4.830815655398473,-4.662208775392246,-2.505623035486244,-4.877816787232206,-4.179390016774867,-2.4703428971367662,-4.362765263977151,-4.58749143557709,-3.6808947678991677,-4.517970745647425,-4.624152432640261,-4.662208775392246,-3.908482609068355
-4.356885747385352,-4.018607863523714,-2.994892327437988,-2.559868893778031,-4.780045298292453,-3.5913777867625214,-5.439525078088048,-3.323208199160989,-4.447091095202919,-3.0874224600002735,-4.274148394238125,-3.3543698397720467,-4.356885747385352,-4.618272916048462,-4.274148394238125,-4.386059344931835,-3.2074498931897457,-4.173510500183069,-4.618272916048462,-4.7370833650488535,-5.2827099907259765,-3.0874224600002735,-4.039321114413825,-4.618272916048462,-4.3285391782309155,-3.2831146351508025,-4.173510500183069,-3.1456364334560973,-3.7196124155505776,-4.222563982885663,-4.5462475548522665,-4.824936138806674,-4.656329258800447,-2.5042423567864187,-4.973135782531372,-4.356885747385352,-2.477548005465284,-4.222563982885663,-4.479063127900756,-3.6463517813941717,-4.479063127900756,-4.780045298292453,-4.921256930116923,-4.082080941787068
-4.373334568802476,-4.055769935830949,-3.0720670425544157,-2.4426552414491054,-4.888386092057532,-3.6078266081796455,-5.374495628779224,-3.3396570205781133,-4.634721737465586,-3.1620852548732215,-4.52854005047275,-3.3814254640671724,-4.463539916620043,-4.402508166348959,-4.402508166348959,-4.463539916620043,-3.3603231828141498,-4.055769935830949,-4.753532186465977,-4.672778080217571,-5.229102162208557,-3.111982941729263,-4.166306374074353,-4.598060740402415,-4.290597215655249,-3.153558600212188,-4.239012804302787,-3.3094371544761607,-3.6212893855600834,-4.1431999856338955,-4.402508166348959,-4.937705751534047,-4.753532186465977,-2.520691178203543,-4.937705751534047,-4.120615466558004,-2.4384934242217327,-4.34498799964804,-4.5626963762693915,-3.6078266081796455,-4.290597215655249,-4.52854005047275,-4.672778080217571,-3.975373103405221
-4.406108932933439,-3.988314209309676,-3.085533370249772,-2.4808053601590014,-4.770044548230086,-3.554983316676471,-5.429524328025682,-3.263336724685039,-4.376058594869468,-3.1616607469266205,-4.264147644175758,-3.34436908970968,-4.469062377838389,-4.571611168922924,-4.2380228564346165,-4.346884997322985,-3.253654232309528,-4.1398568025948626,-4.727082614986486,-4.646328508738081,-5.272709240663609,-3.0300867970561,-4.116750414154405,-4.502090478993259,-4.406108932933439,-3.273113885088436,-4.187735741102813,-3.2440645922690488,-3.636351031331805,-4.050471745093089,-4.469062377838389,-4.6082721659860955,-4.685890630048126,-2.540379506246814,-4.963135032469005,-4.318538428168549,-2.540379506246814,-4.437090345140552,-4.571611168922924,-3.5948398140805926,-4.406108932933439,-4.571611168922924,-4.727082614986486,-4.187735741102813
-4.4548008939494,-3.9666340807345786,-3.1032439190586203,-2.4808772119604434,-4.832645937553156,-3.599087585509003,-5.365756606108581,-3.290824433897284,-4.3645955461318335,-3.170620802377754,-4.308683835881795,-3.2713647811183764,-4.3645955461318335,-4.5198010278021075,-4.3645955461318335,-4.3645955461318335,-3.2060918024530123,-4.205446289911661,-4.7036011788569745,-4.664039057546929,-5.09345035401891,-3.063328019883773,-4.111876443887361,-4.664039057546929,-4.3645955461318335,-3.290824433897284,-4.230273781632144,-3.224310561063156,-3.6682906192993423,-4.205446289911661,-4.4548008939494,-4.787755097038934,-4.787755097038934,-2.4940769812245698,-5.09345035401891,-4.308683835881795,-2.5029746286783956,-4.308683835881795,-4.486772926647237,-3.559753726330369,-4.4548008939494,-4.879647069386889,-4.744793163795334,-4.026317662270197
-4.390839082101832,-4.065252232325452,-3.0841558067988455,-2.4649193475752407,-4.92603666728692,-3.531435147004225,-5.63036850943476,-3.3279879363309863,-4.451870832372916,-3.18526897510245,-4.483842865070753,-3.3697563798200454,-4.516870966225623,-4.451870832372916,-4.25280334366698,-4.25280334366698,-3.338267632116313,-4.202516228335177,-4.829715875976671,-4.700671117280489,-5.21743307796143,-3.0841558067988455,-4.086860678957065,-4.623052653218459,-4.305753774305311,-3.2588450795014126,-4.131530901386769,-3.2213804994866715,-3.582873587891031,-4.25280334366698,-4.305753774305311,-4.92603666728692,-4.586391656155288,-2.500044567101911,-4.92603666728692,-4.178290237353066,-2.500044567101911,-4.305753774305311,-4.661108995970444,-3.5440488359387263,-4.551027292022264,-4.586391656155288,-4.741863102218851,-3.9258063426407674
-4.602298254137075,-4.133882890745842,-3.1382617557492436,-2.4355730922204772,-4.679916718199106,-3.6303771194827847,-5.423550416176662,-3.297058439287623,-4.400135021084418,-3.1734209405585494,-4.181761829253793,-3.359722495076504,-4.400135021084418,-4.53027289294088,-4.284999375223927,-4.370084683020448,-3.3072335372496022,-4.066106279875681,-4.679916718199106,-4.463088465989369,-5.1312102789823735,-3.0634014077174614,-4.088191983229493,-4.53027289294088,-4.370084683020448,-3.2573628128360186,-4.258173732326738,-3.3278996994856387,-3.5888659022315723,-4.284999375223927,-4.284999375223927,-4.808961476895288,-4.721108703137466,-2.5344055943977937,-5.011879364314343,-4.284999375223927,-2.5110705800124977,-4.3125645163195285,-4.496116567144239,-3.5490094048274505,-4.431116433291532,-4.64035459688906,-4.764070636381065,-3.923821263324924
-4.373334568802476,-4.035056684940839,-3.0336834544375995,-2.5297500317098347,-4.937705751534047,-3.5183443627921163,-5.544684512247762,-3.3603231828141498,-4.463539916620043,-3.1706852390777547,-4.373334568802476,-3.2897862961645297,-4.214185312582304,-4.5626963762693915,-4.34498799964804,-4.402508166348959,-3.2995634565679266,-4.098529763204192,-4.712340201527617,-4.672778080217571,-5.044302847642854,-3.111982941729263,-4.035056684940839,-4.52854005047275,-4.432558504412929,-3.196938059349577,-4.120615466558004,-3.1793598250483965,-3.594542672138158,-4.239012804302787,-4.432558504412929,-4.841384960223799,-4.888386092057532,-2.451031201298214,-4.9895846039484955,-4.264472427914107,-2.520691178203543,-4.317422858552438,-4.49551194931788,-3.691464072724493,-4.402508166348959,-4.753532186465977,-4.9895846039484955,-4.07692131657258
-4.352823433373641,-4.078018627775357,-3.1330474647833526,-2.541607174211558,-4.867874956628697,-3.6422894673824606,-5.4354627640763375,-3.240504476661944,-4.443028781191208,-3.1415741194443862,-4.3819970309201235,-3.2790523211390914,-4.3819970309201235,-4.443028781191208,-4.352823433373641,-4.352823433373641,-3.298898179866886,-4.324476864219204,-4.820873824794964,-4.614210602036751,-5.2786476767142645,-3.09964980411935,-4.12268885020506,-4.614210602036751,-4.412047368984094,-3.1853332884582253,-4.270086080226414,-3.1415741194443862,-3.5873154727508103,-4.12268885020506,-4.324476864219204,-4.96907346851966,-4.691829066098782,-2.5092388962809995,-4.867874956628697,-4.218501668873952,-2.4734856914535728,-4.475000813889045,-4.542185240840556,-3.600778250131248,-4.412047368984094,-4.7330210510371415,-4.867874956628697,-3.8626817912549525
-4.447459579483864,-3.9787941643159015,-3.0877909442812186,-2.5650156746122814,-4.696259864391438,-3.61885554840842,-5.528604175111583,-3.313401585479955,-4.512459713336571,-3.2449352749546003,-4.38642782921278,-3.408934507238648,-4.3289076625118605,-4.479431612181701,-4.479431612181701,-4.41647816727675,-3.2834831194317475,-4.222932467166608,-4.656697743081392,-4.737451849329798,-5.213021825072378,-3.002652921074363,-4.127119648497716,-4.780413782573397,-4.38642782921278,-3.180857722213398,-4.1738789844640145,-3.1632794879122175,-3.6052090484239043,-4.198104975446125,-4.41647816727675,-4.921625414397868,-4.737451849329798,-2.4605080946861886,-5.028222510506675,-4.1738789844640145,-2.4433975737284523,-4.38642782921278,-4.581980403266236,-3.5653525510197825,-4.357254231666297,-4.618641400329407,-4.82530462308762,-3.940164409517256
-4.20471457899262,-4.133729252044212,-3.086354157456289,-2.4933452703055288,-4.831914226634115,-3.472846678214438,-5.36502489518954,-3.3404659827737566,-4.423087770823246,-3.1786395848164277,-4.3638638352127925,-3.472846678214438,-4.335517266058356,-4.393037432759275,-4.454069183030359,-4.454069183030359,-3.371954730477489,-4.046299202241266,-4.7028694679379335,-4.744061452876293,-5.092718643099869,-2.965707955958944,-4.20471457899262,-4.454069183030359,-4.18048858801051,-3.223578850144115,-4.229542070713103,-3.2706330701993354,-3.5850719385484746,-4.255001694324424,-4.454069183030359,-4.831914226634115,-4.588590006812732,-2.4845260932927244,-5.03483211405317,-4.20471457899262,-2.5294209652210142,-4.393037432759275,-4.553225642679708,-3.598355874589962,-4.486041215728196,-4.787023386119893,-4.7028694679379335,-3.9659023698155376
-4.357990793136187,-4.04042616016466,-3.0966391660629737,-2.491911155972203,-4.781150344043288,-3.4669736361378325,-5.626693818015598,-3.3040655396294323,-4.448196140953754,-3.1640160493821075,-4.38716439068267,-3.4552474229735894,-4.223669028636498,-4.41721472874664,-4.27525343998896,-4.3296442239817505,-3.26476002812273,-4.27525343998896,-4.781150344043288,-4.781150344043288,-5.1482899866445955,-3.1640160493821075,-4.04042616016466,-4.5473526006031015,-4.249128652247818,-3.2456718364244903,-4.223669028636498,-3.181594283683288,-3.6334274163428626,-4.198841536916015,-4.582716964736126,-4.781150344043288,-4.619377961799297,-2.546774533974104,-4.922361975867758,-4.27525343998896,-2.478653051216119,-4.302079082886149,-4.480168173651591,-3.527760455585063,-4.448196140953754,-4.582716964736126,-4.696996425861327,-4.083185987537903
-4.442276611538481,-4.113071036294954,-3.0669256017687863,-2.518326804443423,-4.884470413754648,-3.5024825824064543,-5.588802255902488,-3.2562018166967617,-4.509461038489992,-3.143702721570178,-4.37932316663353,-3.4651090250127172,-4.410304578840644,-4.509461038489992,-4.264187520773039,-4.410304578840644,-3.2365509583851306,-4.00253459805155,-4.619542742438172,-4.743258781930178,-5.175866824429158,-3.0506359436379986,-4.045294425424793,-4.544825402623016,-4.320099231023077,-3.22686846600962,-4.211237090134708,-3.1983710968771737,-3.5281975503765626,-4.185777466523388,-4.410304578840644,-4.884470413754648,-4.581486399686187,-2.54233410300155,-4.835150754278132,-4.34927282856956,-2.5135937399469057,-4.264187520773039,-4.659104863748217,-3.5817005477652,-4.619542742438172,-4.884470413754648,-4.743258781930178,-3.961528443009768
-4.342810393282542,-4.0535923294654514,-3.0315058480721015,-2.4787345955965936,-4.751354580100479,-3.5535403138203554,-5.372318022413726,-3.3172317089302235,-4.595883134036917,-3.1262287624833602,-4.262294821548609,-3.240107358857764,-4.31524525218694,-4.4303808980474315,-4.4303808980474315,-4.493334342952382,-3.307259548110663,-4.141022379268398,-4.751354580100479,-4.751354580100479,-5.226924555843059,-3.0698894361889177,-4.187781715234696,-4.710162595162119,-4.236835197937289,-3.2683365573830416,-4.236835197937289,-3.1599076485077235,-3.5663151426355135,-4.236835197937289,-4.526362444107252,-4.839207353858301,-4.839207353858301,-2.4787345955965936,-5.042125241277356,-4.371156962436978,-2.5230327407729094,-4.371156962436978,-4.400330559983461,-3.7039323051842095,-4.632544131100088,-4.632544131100088,-4.839207353858301,-3.954067140287937
-4.529898335850255,-3.9620764610329444,-3.0314735151994396,-2.543519674776019,-4.904907711114911,-3.5884913451409473,-5.511886471828626,-3.286611274876585,-4.462713908898744,-3.0791849013101267,-4.399760463993793,-3.403417637903588,-4.206214763883651,-4.679542161108481,-4.3121899592289035,-4.495742010053614,-3.2002515433146623,-4.065731722785056,-4.855588051638396,-4.679542161108481,-5.196304121789421,-2.978543108435976,-4.1813872721631675,-4.808586919804663,-4.34053652838334,-3.2473057633698827,-4.2846248181333015,-3.209486924804126,-3.602137845125463,-4.1813872721631675,-4.60192369704645,-4.808586919804663,-4.529898335850255,-2.461198786463272,-4.956786563529359,-4.231674387494971,-2.474456891219356,-4.399760463993793,-4.808586919804663,-3.6442316015508487,-4.34053652838334,-4.679542161108481,-4.904907711114911,-4.1813872721631675
-4.37940330331905,-3.952268240375312,-3.056818913842684,-2.5112055560070594,-4.865281229027623,-3.4710778991798152,-5.351390765749315,-3.3268318533335313,-4.440435053590134,-3.1650054553762024,-4.241367564884198,-3.401909981344918,-4.191080449552395,-4.574955877372506,-4.26749235262534,-4.539591513239483,-3.266681433134621,-4.191080449552395,-4.865281229027623,-4.689235338497708,-5.205997299178648,-3.147580376047846,-4.053816453542671,-4.539591513239483,-4.37940330331905,-3.2099447207038896,-4.1432015110444445,-3.306377059586225,-3.61183102251469,-4.294317995522529,-4.440435053590134,-4.773389256679668,-4.689235338497708,-2.47529183015501,-4.81828009719389,-4.4094536413830205,-2.470891963852499,-4.294317995522529,-4.689235338497708,-3.5583280251260527,-4.472407086287971,-4.6496732171876625,-5.021197984612945,-3.9717696384221717
-4.317048292588526,-4.070590056144678,-3.084043234669749,-2.5063707119774543,-4.813445253164284,-3.5534931810964476,-5.516744805188248,-3.332383475754636,-4.606782030406072,-3.117164328081385,-4.289483151492924,-3.3859983736407795,-4.211073097243273,-4.345394861742962,-4.404618797353415,-4.500600343413236,-3.2618465891050157,-4.115260278574382,-4.961644896888982,-4.606782030406072,-5.201162455149043,-3.0133035051834254,-4.211073097243273,-4.534756669209877,-4.317048292588526,-3.2814974474166467,-4.138366667014839,-3.214345258163748,-3.649089934910471,-4.162019614540679,-4.404618797353415,-4.961644896888982,-4.606782030406072,-2.5294899218232993,-4.909766044474533,-4.262657508595735,-2.5109519917511838,-4.374568459289445,-4.644838373158057,-3.5405530419414974,-4.467572242258366,-4.684400494468102,-4.570121033342901,-3.986824073729653
-4.383845583291006,-3.9762119183941276,-2.935430141114934,-2.5434557265824402,-4.693677618469664,-3.6026268025021304,-5.355833045721271,-3.417553095264771,-4.44487733356209,-3.1694477353481583,-4.476849366259927,-3.310819339558181,-4.245809844856154,-4.509877467414797,-4.271934632597296,-4.354671985744523,-3.341660599756197,-4.079867180146239,-4.734869603408024,-4.509877467414797,-5.210439579150604,-3.0771623079880195,-4.079867180146239,-4.476849366259927,-4.271934632597296,-3.2329438515986197,-4.354671985744523,-3.2518515806905866,-3.6301086089511987,-4.245809844856154,-4.44487733356209,-4.7778315366516235,-4.869723508999579,-2.5065477640804543,-5.025640264584901,-4.326325416590087,-2.470953651573133,-4.326325416590087,-4.5440337932114385,-3.5891640251216925,-4.354671985744523,-4.654115497159618,-4.7778315366516235,-4.1476437910164
-4.362398805210654,-4.0241209213490166,-3.061131278962594,-2.461347512622961,-4.742596422874156,-3.5836069085463365,-5.44503813591335,-3.3704897004753507,-4.2796614520634275,-3.1511494912813998,-4.452604153028221,-3.3704897004753507,-4.391572402757137,-4.5871249768105935,-4.306487094960616,-4.421622740821108,-3.240670671064751,-4.003828017197345,-4.830449196631976,-4.66184231662575,-5.033367084051033,-3.092935517825576,-4.087593999612371,-4.551760612677569,-4.306487094960616,-3.3812102148131933,-4.132264222042075,-3.1860022957577554,-3.5836069085463365,-4.253536664322286,-4.391572402757137,-4.877450328465709,-4.742596422874156,-2.5233746554451466,-5.091253613097731,-4.203249548990482,-2.487460929593097,-4.306487094960616,-4.66184231662575,-3.596890844587824,-4.66184231662575,-4.517604286880928,-4.66184231662575,-4.065985552980758
-4.321883136618131,-4.053816453542671,-3.041166692588667,-2.4841500686085833,-4.865281229027623,-3.61183102251469,-5.521579649217853,-3.337218319784241,-4.4094536413830205,-3.1562549620184877,-4.440435053590134,-3.3908332176703846,-4.472407086287971,-4.440435053590134,-4.294317995522529,-4.215907941272878,-3.2963044522658125,-4.053816453542671,-4.730427323436068,-4.6496732171876625,-5.205997299178648,-3.033431505505682,-4.0754249001742835,-4.539591513239483,-4.321883136618131,-3.2963044522658125,-4.294317995522529,-3.219180102193353,-3.4952394997622074,-4.294317995522529,-4.505435187442841,-5.021197984612945,-4.574955877372506,-2.5021054841084984,-4.81828009719389,-4.294317995522529,-2.4930874772816605,-4.350229705772567,-4.611616874435677,-3.6830050485197985,-4.574955877372506,-4.505435187442841,-4.730427323436068,-4.0326650728010405
-4.232797638150359,-4.111525195870147,-3.0482489871088445,-2.4579414448673376,-4.8097101704600504,-3.5497580983922132,-5.7182258803178385,-3.3391438714254225,-4.496865260709002,-3.147685035284648,-4.37083337658521,-3.287734525531973,-4.313313209884291,-4.496865260709002,-4.341659779038728,-4.4638371595541315,-3.287734525531973,-4.158284531836445,-4.721857396702228,-4.680665411763869,-5.012628057879105,-3.0803081519655144,-4.045246526808832,-4.496865260709002,-4.37083337658521,-3.2978071328523857,-4.313313209884291,-3.267888666804178,-3.6311258130475474,-4.313313209884291,-4.400883714649181,-4.764819329945828,-4.641103290453823,-2.549421221984712,-4.906030961770298,-4.4318651268562945,-2.4667219034211705,-4.313313209884291,-4.531021586505643,-3.524043130422105,-4.4318651268562945,-4.680665411763869,-4.8097101704600504,-4.003381895177091
-4.322254081270024,-4.191451394204288,-3.0730909726679565,-2.4800820855171963,-4.865652173679516,-3.5850926898016295,-5.433239981127157,-3.327202797985424,-4.4098245860349135,-3.089249023351247,-4.267863297277233,-3.3586915456891564,-4.322254081270024,-4.575326822024399,-4.241738509536091,-4.379774247970943,-3.2966753969177054,-4.267863297277233,-4.730798268087961,-4.730798268087961,-5.0794554583115366,-2.995999339832526,-4.1204660672558795,-4.650044161839555,-4.191451394204288,-3.2382816937127634,-4.143572455696337,-3.2966753969177054,-3.728646245607414,-4.143572455696337,-4.472778030939864,-4.865652173679516,-4.914971833156031,-2.516157780432682,-4.914971833156031,-4.472778030939864,-2.46688231625307,-4.35060065042446,-4.5399624578913755,-3.4956104444141003,-4.440805998242027,-4.440805998242027,-4.818651041845783,-4.216278885924771
-4.215907941272878,-3.991658917759258,-3.0105785914076906,-2.567616788540157,-4.81828009719389,-3.5453878859711025,-5.726795807051678,-3.347713798159262,-4.440435053590134,-3.0970560765182764,-4.215907941272878,-3.2963044522658125,-4.241367564884198,-4.574955877372506,-4.472407086287971,-4.350229705772567,-3.2474093007186307,-4.120095122603987,-4.865281229027623,-4.730427323436068,-5.351390765749315,-3.130453737182279,-4.0326650728010405,-4.574955877372506,-4.321883136618131,-3.2963044522658125,-4.166854458570285,-3.266681433134621,-3.625666328979243,-4.120095122603987,-4.37940330331905,-4.689235338497708,-4.611616874435677,-2.5250128445755102,-4.914600888504138,-4.4094536413830205,-2.497586315173634,-4.321883136618131,-4.689235338497708,-3.507542804563437,-4.472407086287971,-4.689235338497708,-5.021197984612945,-3.933139883623526
-4.416846515827044,-3.9596611148193355,-3.0721307400273696,-2.5185984304510827,-4.825672971637912,-3.7052614546272187,-5.283446823557215,-3.3036973267098357,-4.619009748879701,-3.096270953143377,-4.386796177763073,-3.3036973267098357,-4.223300815716901,-4.512828061886864,-4.301710869966552,-4.416846515827044,-3.274074307578644,-4.019344696354953,-4.921993762948161,-4.58234875181653,-5.283446823557215,-2.9956291602692264,-4.127487997048011,-4.512828061886864,-4.248760439328222,-3.199118836537769,-4.248760439328222,-3.2643918152031333,-3.6055773969741978,-4.248760439328222,-4.546984387683505,-4.921993762948161,-4.6966282129417305,-2.527782074755123,-4.973872615362611,-4.329276011062154,-2.5324057190195335,-4.35762258021659,-4.546984387683505,-3.552780760415126,-4.416846515827044,-4.546984387683505,-4.657066091631686,-4.082817774618307
-4.2954304169334385,-3.992771339170168,-2.939079652035299,-2.5882629885851802,-4.866393650438532,-3.6267787503901525,-5.433981457886173,-3.508655225974347,-4.473519507698881,-3.1400928132542223,-4.41056606279393,-3.2775710149489274,-4.3229955580290405,-4.5407039346503915,-4.3805157247299595,-4.351342127183477,-3.2296139930375736,-4.121207544014897,-4.7315397448469785,-4.650785638598572,-5.080196935070553,-3.098168497929186,-3.992771339170168,-4.576068298783416,-4.5407039346503915,-3.2390231704717802,-4.1921928709633045,-3.297416873676722,-3.6267787503901525,-4.441547475001044,-4.441547475001044,-4.819392518604799,-4.774501678090578,-2.4764042515659197,-4.915713309915048,-4.1921928709633045,-2.4082289526399565,-4.351342127183477,-4.506547608853751,-3.5858341665606464,-4.242479986295108,-4.650785638598572,-4.866393650438532,-4.217020362683788
-4.315608516044001,-3.973558760896785,-3.1349060083838607,-2.514377997803133,-4.71052585901918,-3.566678406492575,-5.454159556996736,-3.2782894612805826,-4.63290739495715,-3.094010548537536,-4.262658085405671,-3.4232005018663907,-4.400693823840522,-4.461725574111607,-4.37152022629404,-4.400693823840522,-3.2220843720984336,-4.188144979091756,-4.839570617715362,-4.63290739495715,-5.161819419802448,-3.0547220260271546,-4.096715420695756,-4.526725707964314,-4.288782873146813,-3.2130164826152185,-4.14138564312546,-3.259201269582343,-3.6060122656712092,-4.188144979091756,-4.493697606809444,-4.751717843957541,-4.596246397893979,-2.509899308840602,-5.100375034181116,-4.237198461794351,-2.4921824843739717,-4.315608516044001,-4.526725707964314,-3.6752152994615486,-4.526725707964314,-4.71052585901918,-4.886571749549095,-3.973558760896785
-4.406481120133007,-4.008979300660917,-2.9852637645751896,-2.5128143145307753,-4.686262817247695,-3.555355503876039,-5.42989651522525,-3.3660685941250925,-4.608644353185664,-3.1190266508609765,-4.347257184522554,-3.555355503876039,-4.238395043634185,-4.4374625323401204,-4.4374625323401204,-4.4374625323401204,-3.2255290503766503,-4.117122601353973,-4.686262817247695,-4.686262817247695,-5.2030247779286345,-3.0001030337584282,-4.07245237892427,-4.571983356122493,-4.264519831375327,-3.273486072288004,-4.07245237892427,-3.1978213303269474,-3.772720005958255,-4.291345474272515,-4.376430782069036,-5.018225463362931,-4.8623087077776095,-2.4946137939236204,-4.963507219668573,-4.347257184522554,-2.450511047542445,-4.376430782069036,-4.686262817247695,-3.680032527269785,-4.4374625323401204,-4.608644353185664,-4.815307575943876,-3.9301673623735125
-4.414634386562518,-3.9769503836016695,-3.0233190943925283,-2.5209675809602867,-4.870461974207121,-3.576618554287747,-5.624113475831476,-3.3960139628498824,-4.445615798769632,-3.030936437745072,-4.246548310063696,-3.3960139628498824,-4.246548310063696,-4.477587831467469,-4.355410450952065,-4.299498740702027,-3.3217329027277023,-4.125275867783484,-4.7785700018591655,-4.694416083677206,-5.0842652588391415,-3.0779007731955614,-4.196261194731893,-4.5447722584189805,-4.299498740702027,-3.2816393387175156,-4.1720352037497825,-3.2430914942403684,-3.617011767694188,-4.221088686452376,-4.384584048498548,-5.0842652588391415,-4.7785700018591655,-2.502767060353132,-5.0842652588391415,-4.327063881797629,-2.502767060353132,-4.246548310063696,-4.384584048498548,-3.576618554287747,-4.510615932622339,-4.5447722584189805,-4.823460842373388,-4.017132567090428
-4.444138322620656,-4.123798391634509,-3.037134774536204,-2.4967907463121826,-4.77709252571019,-3.7015718492137175,-5.525282918248375,-3.3000077212963346,-4.476110355318493,-3.1426836608738347,-4.383106572349572,-3.3000077212963346,-4.170557727600807,-4.476110355318493,-4.298021264553051,-4.444138322620656,-3.195429231124268,-4.036368341831563,-4.73413059246659,-4.77709252571019,-5.144232168311498,-3.092581347729876,-3.8996503198942936,-4.821983366224412,-4.298021264553051,-3.28016186256854,-4.271195621655862,-3.260702209789632,-3.5884250141802587,-4.170557727600807,-4.69293860752823,-4.821983366224412,-4.91830415753466,-2.470214640631699,-4.91830415753466,-4.170557727600807,-2.524092469341622,-4.383106572349572,-4.413156910413543,-3.615534291545212,-4.476110355318493,-4.509138456473363,-4.653376486218185,-4.2450708339147205
-4.344262657617486,-4.034331342910285,-3.040517870212386,-2.4715579341842293,-4.840659618193245,-3.517619020761563,-5.298433470112547,-3.3700933191586175,-4.672052738187018,-3.1786344830178432,-4.344262657617486,-3.3595978407835965,-4.401782824318405,-4.561971034238837,-4.401782824318405,-4.431833162382376,-3.2793784617584656,-4.076195974542026,-4.752806844435424,-4.633996395435033,-5.101464034658999,-3.095099549015419,-4.014038438758614,-4.633996395435033,-4.316697516521884,-3.2508810926260194,-4.189233979569639,-3.2231733725763165,-3.7662120741161482,-4.2382874622722335,-4.316697516521884,-4.840659618193245,-4.795768777679024,-2.515466998281016,-5.101464034658999,-4.189233979569639,-2.4758630897918144,-4.344262657617486,-4.527814708442197,-3.607101266149092,-4.431833162382376,-4.597335398371862,-4.752806844435424,-3.8824675846532344
-4.359462290502857,-4.02118440664122,-3.1062886612485663,-2.5023200620119503,-4.923833473234428,-3.516775389293727,-5.628165315382268,-3.2471433337911604,-4.449667638320424,-3.0739704503136362,-4.5488240979697725,-3.3675531857675534,-4.303550580252819,-4.41868622611331,-4.303550580252819,-4.38863588804934,-3.2759140178649107,-4.38863588804934,-4.658905801917952,-4.698467923227998,-5.215229883908938,-3.0819526127463535,-4.1293277073342765,-4.514667772173131,-4.38863588804934,-3.3464509045145308,-4.176087043300575,-3.210026436307251,-3.580670393838539,-4.152434095774734,-4.449667638320424,-4.739659908166358,-4.620849459165967,-2.52962178504139,-4.923833473234428,-4.303550580252819,-2.437158922998595,-4.41868622611331,-4.449667638320424,-3.6074171072604644,-4.481639671018261,-4.739659908166358,-5.030430569343235,-3.961500825105602
-4.402870640164195,-4.098892237019428,-3.0265428918535866,-2.4769509056376036,-4.796856593524813,-3.49454523602496,-5.456336373320408,-3.32984439643137,-4.373697042617712,-3.1797222988636324,-4.463902390435279,-3.3817879378824083,-4.528902524287986,-4.528902524287986,-4.264834901729343,-4.3453504734632755,-3.350299190178676,-4.1209779403732405,-4.7538946602812135,-4.635084211280822,-5.1639962361261205,-3.0043657558738985,-4.166668847889589,-4.635084211280822,-4.317785332367674,-3.2151932989388907,-4.317785332367674,-3.1624477286884574,-3.5817953619711975,-4.1209779403732405,-4.402870640164195,-4.7538946602812135,-4.635084211280822,-2.5301125055250706,-5.0446653214580905,-4.264834901729343,-2.576680189010391,-4.463902390435279,-4.598423214217651,-3.5065530652232626,-4.402870640164195,-4.635084211280822,-4.635084211280822,-3.9952369752673165
-4.443028781191208,-3.916964291459059,-3.0515559071255804,-2.604649181195774,-4.820873824794964,-3.6565185065411496,-5.353984493350389,-3.2790523211390914,-4.542185240840556,-3.2310952992277375,-4.2969117231236025,-3.3934269452714583,-4.12268885020506,-4.475000813889045,-4.243961292485272,-4.2969117231236025,-3.2310952992277375,-4.1001043311291685,-4.614210602036751,-4.57754960497358,-5.2786476767142645,-3.107895233420023,-4.1001043311291685,-4.542185240840556,-4.412047368984094,-3.2790523211390914,-4.324476864219204,-3.176426923920742,-3.5225930958225167,-4.218501668873952,-4.3819970309201235,-4.820873824794964,-4.652266944788736,-2.5229829279121736,-4.867874956628697,-4.3819970309201235,-2.4604010665332563,-4.443028781191208,-4.614210602036751,-3.614424750115764,-4.542185240840556,-4.508028915043915,-4.652266944788736,-3.916964291459059
